{
  "code": 0,
  "msg": "",
  "count": 43,
  "data": [{"id": "319001", "name": "赵一", "gender": "男", "birth": "1998/12/27", "phone": "18706012232", "email": "532211428@qq.com", "address": "北京市海淀区颐和园路5号", "id_card": "342622199801144314", "admission_dat": "2019/9/1", "profession": "计算机", "guardian": "赵一", "guardian_phone": "13655512212"}, {"id": "319002", "name": "钱二", "gender": "女", "birth": "1995/10/25", "phone": "13459732456", "email": "572501101@qq.com", "address": "北京市海淀区双清路30号", "id_card": "342622199709066819", "admission_dat": "2019/9/1", "profession": "物联网", "guardian": "王二", "guardian_phone": "13856909992"}, {"id": "319003", "name": "钱三", "gender": "男", "birth": "1999/1/8", "phone": "18850840171", "email": "582300330@qq.com", "address": "上海市杨浦区邯郸路220号", "id_card": "342622199709198176", "admission_dat": "2019/9/1", "profession": "信息安全", "guardian": "李三", "guardian_phone": "13966686239"}, {"id": "319004", "name": "赵四", "gender": "男", "birth": "1998/2/4", "phone": "18650523989", "email": "588100505@qq.com", "address": "杭州市西湖区余杭塘路866号", "id_card": "342622199708171596", "admission_dat": "2019/9/1", "profession": "人工智能", "guardian": "赵一", "guardian_phone": "15255149948"}, {"id": "319005", "name": "周五", "gender": "女", "birth": "1998/4/20", "phone": "18650795182", "email": "598202702@qq.com", "address": "上海市杨浦区四平路1239号", "id_card": "342622199711026453", "admission_dat": "2019/9/1", "profession": "大数据", "guardian": "王二", "guardian_phone": "18297986138"}, {"id": "319006", "name": "吴六", "gender": "男", "birth": "1998/7/20", "phone": "18759125223", "email": "512101504@qq.com", "address": "厦门市思明区思明南路422号", "id_card": "320923199806290932", "admission_dat": "2019/9/1", "profession": "软件工程", "guardian": "李三", "guardian_phone": "13905605813"}, {"id": "319007", "name": "郑七", "gender": "女", "birth": "1999/2/1", "phone": "18705908359", "email": "512501129@qq.com", "address": "江苏省南京市鼓楼区汉口路22号", "id_card": "342625199812140158", "admission_dat": "2019/9/1", "profession": "计算机", "guardian": "赵一", "guardian_phone": "13956024172"}, {"id": "319008", "name": "王八", "gender": "男", "birth": "1997/1/15", "phone": "18065178692", "email": "512802414@qq.com", "address": "重庆市沙坪坝区沙坪坝正街174号", "id_card": "342601199705132151", "admission_dat": "2019/9/1", "profession": "物联网", "guardian": "王二", "guardian_phone": "18755158175"}, {"id": "319009", "name": "赵九", "gender": "男", "birth": "1998/11/29", "phone": "15260972133", "email": "518110817@qq.com", "address": "四川省成都市武侯区一环路南一段24号", "id_card": "340223199802050515", "admission_dat": "2019/9/1", "profession": "信息安全", "guardian": "李三", "guardian_phone": "13439716020"}, {"id": "319010", "name": "钱十", "gender": "男", "birth": "1997/9/15", "phone": "13850208664", "email": "530300603@qq.com", "address": "广州市海珠区新港西路135号", "id_card": "342623199806105732", "admission_dat": "2019/9/1", "profession": "人工智能", "guardian": "赵一", "guardian_phone": "15966871455"}, {"id": "319011", "name": "孙百", "gender": "女", "birth": "1996/1/12", "phone": "17750332066", "email": "530403917@qq.com", "address": "北京市海淀区颐和园路6号", "id_card": "340304199812100615", "admission_dat": "2019/9/1", "profession": "大数据", "guardian": "王二", "guardian_phone": "13856054693"}, {"id": "319012", "name": "李千", "gender": "男", "birth": "1998/1/10", "phone": "13615987369", "email": "532200416@qq.com", "address": "北京市海淀区双清路31号", "id_card": "340321199812312171", "admission_dat": "2019/9/1", "profession": "软件工程", "guardian": "李三", "guardian_phone": "13956055417"}, {"id": "319013", "name": "周万", "gender": "男", "birth": "1997/11/25", "phone": "13859235044", "email": "532205529@qq.com", "address": "上海市杨浦区邯郸路221号", "id_card": "340321199812116533", "admission_dat": "2019/9/1", "profession": "计算机", "guardian": "赵一", "guardian_phone": "15212798456"}, {"id": "319014", "name": "赵一", "gender": "男", "birth": "1996/3/4", "phone": "13306077753", "email": "562601020@qq.com", "address": "杭州市西湖区余杭塘路867号", "id_card": "340321199710108639", "admission_dat": "2019/9/1", "profession": "物联网", "guardian": "王二", "guardian_phone": "13155200879"}, {"id": "319015", "name": "钱二", "gender": "男", "birth": "1997/11/25", "phone": "18396385108", "email": "580200212@qq.com", "address": "上海市杨浦区四平路1240号", "id_card": "34032319970115373X", "admission_dat": "2019/9/1", "profession": "信息安全", "guardian": "李三", "guardian_phone": "13083405866"}, {"id": "319016", "name": "钱三", "gender": "女", "birth": "1998/8/27", "phone": "13459401877", "email": "582103118@qq.com", "address": "厦门市思明区思明南路423号", "id_card": "340406199907283416", "admission_dat": "2019/9/1", "profession": "人工智能", "guardian": "赵一", "guardian_phone": "18096468518"}, {"id": "319017", "name": "赵四", "gender": "男", "birth": "1996/12/9", "phone": "18350610572", "email": "510204526@qq.com", "address": "江苏省南京市鼓楼区汉口路23号", "id_card": "34040619940706361X", "admission_dat": "2019/9/1", "profession": "大数据", "guardian": "王二", "guardian_phone": "13339013799"}, {"id": "319018", "name": "周五", "gender": "女", "birth": "1996/6/21", "phone": "15936220168", "email": "560202028@qq.com", "address": "重庆市沙坪坝区沙坪坝正街175号", "id_card": "371723200202081077", "admission_dat": "2019/9/1", "profession": "软件工程", "guardian": "李三", "guardian_phone": "13955105452"}, {"id": "319019", "name": "吴六", "gender": "男", "birth": "1998/3/26", "phone": "15037109890", "email": "532211428@qq.com", "address": "四川省成都市武侯区一环路南一段25号", "id_card": "340421199609072411", "admission_dat": "2019/9/1", "profession": "计算机", "guardian": "赵一", "guardian_phone": "13167720594"}, {"id": "319020", "name": "郑七", "gender": "女", "birth": "1999/3/5", "phone": "13938927966", "email": "572501101@qq.com", "address": "广州市海珠区新港西路136号", "id_card": "340521199805262015", "admission_dat": "2019/9/1", "profession": "物联网", "guardian": "王二", "guardian_phone": "18269793170"}, {"id": "319021", "name": "王八", "gender": "男", "birth": "1997/9/5", "phone": "13721865019", "email": "582300330@qq.com", "address": "北京市海淀区颐和园路7号", "id_card": "340521199801023818", "admission_dat": "2019/9/1", "profession": "信息安全", "guardian": "李三", "guardian_phone": "18715383819"}, {"id": "319022", "name": "赵九", "gender": "女", "birth": "1999/3/1", "phone": "15007210345", "email": "588100505@qq.com", "address": "北京市海淀区双清路32号", "id_card": "340603199712254211", "admission_dat": "2019/9/1", "profession": "人工智能", "guardian": "赵一", "guardian_phone": "18726472402"}, {"id": "319023", "name": "钱十", "gender": "男", "birth": "1998/2/13", "phone": "18871701822", "email": "598202702@qq.com", "address": "上海市杨浦区邯郸路222号", "id_card": "340602199612301619", "admission_dat": "2019/9/1", "profession": "大数据", "guardian": "王二", "guardian_phone": "15156825108"}, {"id": "319024", "name": "孙百", "gender": "女", "birth": "1998/11/12", "phone": "13098452156", "email": "512101504@qq.com", "address": "杭州市西湖区余杭塘路868号", "id_card": "340721199801152418", "admission_dat": "2019/9/1", "profession": "软件工程", "guardian": "李三", "guardian_phone": "15156549399"}, {"id": "319025", "name": "李千", "gender": "女", "birth": "1997/7/2", "phone": "18396385108", "email": "512501129@qq.com", "address": "上海市杨浦区四平路1241号", "id_card": "340811199712175370", "admission_dat": "2019/9/1", "profession": "计算机", "guardian": "赵一", "guardian_phone": "15205654599"}, {"id": "319026", "name": "周万", "gender": "女", "birth": "1997/11/28", "phone": "13459401877", "email": "512802414@qq.com", "address": "厦门市思明区思明南路424号", "id_card": "340823199708104014", "admission_dat": "2019/9/1", "profession": "物联网", "guardian": "王二", "guardian_phone": "18726388684"}, {"id": "319027", "name": "赵一", "gender": "男", "birth": "1998/8/6", "phone": "18350610572", "email": "518110817@qq.com", "address": "江苏省南京市鼓楼区汉口路24号", "id_card": "340803199806192112", "admission_dat": "2019/9/1", "profession": "信息安全", "guardian": "李三", "guardian_phone": "13155658833"}, {"id": "319028", "name": "钱二", "gender": "女", "birth": "1998/8/12", "phone": "15936220168", "email": "530300603@qq.com", "address": "重庆市沙坪坝区沙坪坝正街176号", "id_card": "340822199803085812", "admission_dat": "2019/9/1", "profession": "人工智能", "guardian": "赵一", "guardian_phone": "13135556927"}, {"id": "319029", "name": "赵九", "gender": "男", "birth": "1996/12/9", "phone": "15150126232", "email": "532205529@qq.com", "address": "四川省成都市武侯区一环路南一段26号", "id_card": "340822199710140915", "admission_dat": "2019/9/1", "profession": "大数据", "guardian": "王二", "guardian_phone": "18715302699"}, {"id": "319030", "name": "钱十", "gender": "女", "birth": "1996/6/21", "phone": "15082855253", "email": "562601020@qq.com", "address": "广州市海珠区新港西路137号", "id_card": "340822199807216218", "admission_dat": "2019/9/1", "profession": "软件工程", "guardian": "李三", "guardian_phone": "18325323415"}, {"id": "319031", "name": "孙百", "gender": "女", "birth": "1998/3/26", "phone": "15015584274", "email": "580200212@qq.com", "address": "北京市海淀区颐和园路8号", "id_card": "340822199704306018", "admission_dat": "2019/9/1", "profession": "计算机", "guardian": "赵一", "guardian_phone": "18605521971"}, {"id": "319032", "name": "李千", "gender": "女", "birth": "1999/3/5", "phone": "14948313296", "email": "582103118@qq.com", "address": "北京市海淀区双清路33号", "id_card": "340823199711012575", "admission_dat": "2019/9/1", "profession": "物联网", "guardian": "王二", "guardian_phone": "13615529076"}, {"id": "319033", "name": "周万", "gender": "男", "birth": "1997/9/5", "phone": "14881042317", "email": "510204526@qq.com", "address": "上海市杨浦区邯郸路223号", "id_card": "340823199701294919", "admission_dat": "2019/9/1", "profession": "信息安全", "guardian": "李三", "guardian_phone": "15056151797"}, {"id": "319034", "name": "赵一", "gender": "女", "birth": "1999/3/1", "phone": "14813771339", "email": "560202028@qq.com", "address": "杭州市西湖区余杭塘路869号", "id_card": "340823199804043717", "admission_dat": "2019/9/1", "profession": "人工智能", "guardian": "赵一", "guardian_phone": "13329229176"}, {"id": "319035", "name": "钱二", "gender": "男", "birth": "1998/2/13", "phone": "14746500360", "email": "532211428@qq.com", "address": "上海市杨浦区四平路1242号", "id_card": "340823199807140037", "admission_dat": "2019/9/1", "profession": "大数据", "guardian": "王二", "guardian_phone": "13655512212"}, {"id": "319036", "name": "赵九", "gender": "女", "birth": "1998/11/12", "phone": "14679229381", "email": "572501101@qq.com", "address": "厦门市思明区思明南路425号", "id_card": "340823199901027014", "admission_dat": "2019/9/1", "profession": "软件工程", "guardian": "李三", "guardian_phone": "13856909992"}, {"id": "319037", "name": "钱十", "gender": "女", "birth": "1997/7/2", "phone": "14611958403", "email": "582300330@qq.com", "address": "江苏省南京市鼓楼区汉口路25号", "id_card": "340823199701264912", "admission_dat": "2019/9/1", "profession": "计算机", "guardian": "赵一", "guardian_phone": "13966686239"}, {"id": "319038", "name": "孙百", "gender": "女", "birth": "1997/11/28", "phone": "14544687424", "email": "588100505@qq.com", "address": "重庆市沙坪坝区沙坪坝正街177号", "id_card": "340824199810053811", "admission_dat": "2019/9/1", "profession": "物联网", "guardian": "王二", "guardian_phone": "15255149948"}, {"id": "319039", "name": "李千", "gender": "男", "birth": "1998/8/6", "phone": "14477416446", "email": "598202702@qq.com", "address": "四川省成都市武侯区一环路南一段27号", "id_card": "340824199805210616", "admission_dat": "2019/9/1", "profession": "信息安全", "guardian": "李三", "guardian_phone": "18297986138"}, {"id": "319040", "name": "周万", "gender": "女", "birth": "1998/8/12", "phone": "14410145467", "email": "512101504@qq.com", "address": "广州市海珠区新港西路138号", "id_card": "340824199811275010", "admission_dat": "2019/9/1", "profession": "人工智能", "guardian": "赵一", "guardian_phone": "13905605813"}, {"id": "319041", "name": "赵一", "gender": "男", "birth": "1996/12/9", "phone": "14342874489", "email": "512501129@qq.com", "address": "北京市海淀区颐和园路9号", "id_card": "340824199804256815", "admission_dat": "2019/9/1", "profession": "大数据", "guardian": "王二", "guardian_phone": "13956024172"}, {"id": "319042", "name": "钱二", "gender": "女", "birth": "1996/6/21", "phone": "14275603510", "email": "512802414@qq.com", "address": "北京市海淀区双清路34号", "id_card": "340825199806094318", "admission_dat": "2019/9/1", "profession": "软件工程", "guardian": "李三", "guardian_phone": "18755158175"}, {"id": "319043", "name": "赵九", "gender": "女", "birth": "1998/3/26", "phone": "14208332531", "email": "518110817@qq.com", "address": "上海市杨浦区邯郸路224号", "id_card": "340825199902250210", "admission_dat": "2019/9/1", "profession": "计算机", "guardian": "赵一", "guardian_phone": "13439716020"}]
}