[{"电影名字": "肖申克的救赎", "电影信息": "导演: 弗兰克·德拉邦特 Frank Darabont   主演: 蒂姆·罗宾斯 Tim Robbins /...", "电影评分": "9.7", "评价人数": "2470161人评价"}, {"电影名字": "霸王别姬", "电影信息": "导演: 陈凯歌 Kaige Chen   主演: 张国荣 Leslie Cheung / 张丰毅 Fengyi Zha...", "电影评分": "9.6", "评价人数": "1836117人评价"}, {"电影名字": "阿甘正传", "电影信息": "导演: 罗伯特·泽米吉斯 Robert Zemeckis   主演: 汤姆·汉克斯 Tom Hanks / ...", "电影评分": "9.5", "评价人数": "1856333人评价"}, {"电影名字": "这个杀手不太冷", "电影信息": "导演: 吕克·贝松 Luc Besson   主演: 让·雷诺 Jean Reno / 娜塔莉·波特曼 ...", "电影评分": "9.4", "评价人数": "2020190人评价"}, {"电影名字": "泰坦尼克号", "电影信息": "导演: 詹姆斯·卡梅隆 James Cameron   主演: 莱昂纳多·迪卡普里奥 Leonardo...", "电影评分": "9.4", "评价人数": "1818313人评价"}, {"电影名字": "美丽人生", "电影信息": "导演: 罗伯托·贝尼尼 Roberto Benigni   主演: 罗伯托·贝尼尼 Roberto Beni...", "电影评分": "9.6", "评价人数": "1137816人评价"}, {"电影名字": "千与千寻", "电影信息": "导演: 宫崎骏 Hayao Miyazaki   主演: 柊瑠美 Rumi Hîragi / 入野自由 Miy...", "电影评分": "9.4", "评价人数": "1937399人评价"}, {"电影名字": "辛德勒的名单", "电影信息": "导演: 史蒂文·斯皮尔伯格 Steven Spielberg   主演: 连姆·尼森 Liam Neeson...", "电影评分": "9.5", "评价人数": "948547人评价"}, {"电影名字": "盗梦空间", "电影信息": "导演: 克里斯托弗·诺兰 Christopher Nolan   主演: 莱昂纳多·迪卡普里奥 Le...", "电影评分": "9.3", "评价人数": "1784328人评价"}, {"电影名字": "忠犬八公的故事", "电影信息": "导演: 莱塞·霍尔斯道姆 Lasse Hallström   主演: 理查·基尔 Richard Ger...", "电影评分": "9.4", "评价人数": "1226274人评价"}, {"电影名字": "星际穿越", "电影信息": "导演: 克里斯托弗·诺兰 Christopher Nolan   主演: 马修·麦康纳 Matthew Mc...", "电影评分": "9.3", "评价人数": "1459657人评价"}, {"电影名字": "楚门的世界", "电影信息": "导演: 彼得·威尔 Peter Weir   主演: 金·凯瑞 Jim Carrey / 劳拉·琳妮 Lau...", "电影评分": "9.3", "评价人数": "1383021人评价"}, {"电影名字": "海上钢琴师", "电影信息": "导演: 朱塞佩·托纳多雷 Giuseppe Tornatore   主演: 蒂姆·罗斯 Tim Roth / ...", "电影评分": "9.3", "评价人数": "1450169人评价"}, {"电影名字": "三傻大闹宝莱坞", "电影信息": "导演: 拉库马·希拉尼 Rajkumar Hirani   主演: 阿米尔·汗 Aamir Khan / 卡...", "电影评分": "9.2", "评价人数": "1624870人评价"}, {"电影名字": "机器人总动员", "电影信息": "导演: 安德鲁·斯坦顿 Andrew Stanton   主演: 本·贝尔特 Ben Burtt / 艾丽...", "电影评分": "9.3", "评价人数": "1144246人评价"}, {"电影名字": "放牛班的春天", "电影信息": "导演: 克里斯托夫·巴拉蒂 Christophe Barratier   主演: 热拉尔·朱尼奥 Gé...", "电影评分": "9.3", "评价人数": "1128981人评价"}, {"电影名字": "无间道", "电影信息": "导演: 刘伟强 / 麦兆辉   主演: 刘德华 / 梁朝伟 / 黄秋生", "电影评分": "9.3", "评价人数": "1119308人评价"}, {"电影名字": "疯狂动物城", "电影信息": "导演: 拜伦·霍华德 Byron Howard / 瑞奇·摩尔 Rich Moore   主演: 金妮弗·...", "电影评分": "9.2", "评价人数": "1613576人评价"}, {"电影名字": "大话西游之大圣娶亲", "电影信息": "导演: 刘镇伟 Jeffrey Lau   主演: 周星驰 Stephen Chow / 吴孟达 Man Tat Ng...", "电影评分": "9.2", "评价人数": "1322438人评价"}, {"电影名字": "熔炉", "电影信息": "导演: 黄东赫 Dong-hyuk Hwang   主演: 孔侑 Yoo Gong / 郑有美 Yu-mi Jung /...", "电影评分": "9.3", "评价人数": "803103人评价"}, {"电影名字": "教父", "电影信息": "导演: 弗朗西斯·福特·科波拉 Francis Ford Coppola   主演: 马龙·白兰度 M...", "电影评分": "9.3", "评价人数": "807638人评价"}, {"电影名字": "当幸福来敲门", "电影信息": "导演: 加布里尔·穆奇诺 Gabriele Muccino   主演: 威尔·史密斯 Will Smith ...", "电影评分": "9.1", "评价人数": "1310443人评价"}, {"电影名字": "龙猫", "电影信息": "导演: 宫崎骏 Hayao Miyazaki   主演: 日高法子 Noriko Hidaka / 坂本千夏 Ch...", "电影评分": "9.2", "评价人数": "1094853人评价"}, {"电影名字": "怦然心动", "电影信息": "导演: 罗伯·莱纳 Rob Reiner   主演: 玛德琳·卡罗尔 Madeline Carroll / 卡...", "电影评分": "9.1", "评价人数": "1564598人评价"}, {"电影名字": "控方证人", "电影信息": "导演: 比利·怀尔德 Billy Wilder   主演: 泰隆·鲍华 Tyrone Power / 玛琳·...", "电影评分": "9.6", "评价人数": "401519人评价"}]