{"data":[{"desc":"","detailUrl":"/video/detail?id=DYM2921gKRdLTOkkWdK00l7c6yU.","id":2432430860800262,"picPath":"https://rbv01.ku6.com/wifi/o_1f7tqdq8svh01bprhad1m4m1eug14","playCnt":12821,"playUrl":"https://rbv01.ku6.com/wifi/o_1f7tqdq8smnk1u8c1ne81c4vccm15","publisher":"ku6","tag":"","title":"视频来了！云南象群躺地睡觉，小象醒了甩鼻挣扎逃不出“重围”","uploadTime":1623424770011,"userId":0,"vid":"DYM2921gKRdLTOkkWdK00l7c6yU.","videoHeight":0,"videoSize":0,"videoTime":32,"videoWidth":0},{"desc":"","detailUrl":"/video/detail?id=M0cn22-SPc_6_I3kdiY6xd4r4pg.","id":2432430860792862,"picPath":"https://rbv01.ku6.com/wifi/o_1dtm02cqhmq9cue1d201h51hh5o","playCnt":127960,"playUrl":"https://rbv01.ku6.com/wifi/o_1dtm02cqgafe19331j2ijeksg7nkvs","publisher":"ku6","tag":"","title":"《辛弃疾1162》精彩片花-竖版","uploadTime":1578065342893,"userId":0,"vid":"M0cn22-SPc_6_I3kdiY6xd4r4pg.","videoHeight":0,"videoSize":0,"videoTime":51,"videoWidth":0},{"desc":"","detailUrl":"/video/detail?id=rNQuST0XS7OlncnhTt_lVRXYuGA.","id":2432430860792864,"picPath":"https://rbv01.ku6.com/wifi/o_1dtm02cqh8drbblbqj103o1qims","playCnt":20461,"playUrl":"https://rbv01.ku6.com/wifi/o_1dtm02cqh4fptkihha1po5r61rkvs","publisher":"ku6","tag":"","title":"《辛弃疾1162》精彩片花-捉拿张安国","uploadTime":1578065314816,"userId":0,"vid":"rNQuST0XS7OlncnhTt_lVRXYuGA.","videoHeight":0,"videoSize":0,"videoTime":47,"videoWidth":0},{"desc":"","detailUrl":"/video/detail?id=LYALMdjo4iPkXOck5fhWZFJjHSk.","id":2432430860792863,"picPath":"https://rbv01.ku6.com/wifi/o_1dtm02cqh13l1op65no1ho10riq","playCnt":21930,"playUrl":"https://rbv01.ku6.com/wifi/o_1dtm02cqh1p5h1m4seos17k2oa8pkvs","publisher":"ku6","tag":"","title":"《辛弃疾1162》精彩片花-辛弃疾吟诗","uploadTime":1578065257828,"userId":0,"vid":"LYALMdjo4iPkXOck5fhWZFJjHSk.","videoHeight":0,"videoSize":0,"videoTime":39,"videoWidth":0},{"desc":"","detailUrl":"/video/detail?id=cuPkWIDikLuudpHeYLqsLrZEDuo.","id":2432430860792860,"picPath":"https://rbv01.ku6.com/wifi/o_1dtm02cqg1e0f1qdk1a341v871d1ok","playCnt":21155,"playUrl":"https://rbv01.ku6.com/wifi/o_1dtm02cqg19gh197f2161rrkrbljkvs","publisher":"ku6","tag":"","title":"《辛弃疾1162》精彩片花1","uploadTime":1578065067477,"userId":0,"vid":"cuPkWIDikLuudpHeYLqsLrZEDuo.","videoHeight":0,"videoSize":0,"videoTime":46,"videoWidth":0},{"desc":"","detailUrl":"/video/detail?id=t6FKMrX5XWASgt1DoLEZJ1uv7V8.","id":2432430860792738,"picPath":"https://rbv01.ku6.com/wifi/o_1dt3ibdl685717su1ads3iq7prc","playCnt":23178,"playUrl":"https://rbv01.ku6.com/wifi/o_1dt3ibdl6fjl1drl2b91vc6ho0bkvs","publisher":"ku6","tag":"","title":"《辛弃疾1162》终极预告片","uploadTime":1577446475937,"userId":0,"vid":"t6FKMrX5XWASgt1DoLEZJ1uv7V8.","videoHeight":0,"videoSize":0,"videoTime":96,"videoWidth":0},{"desc":"","detailUrl":"/video/detail?id=pFv8pNXZejXYEaNpCkiir5FkWUM.","id":2432430860786074,"picPath":"http://rbv01.ku6.com/wifi/o_1c0m125cvrvv1khn193m1g1sbgmg","playCnt":1632666,"playUrl":"http://rbv01.ku6.com/SiOfcy0s8w-jlVgdfn2PTw.mp4","publisher":"爆米花实验室","tag":"","title":"爆笑视频","uploadTime":1516171803131,"userId":0,"vid":"pFv8pNXZejXYEaNpCkiir5FkWUM.","videoHeight":0,"videoSize":0,"videoTime":0,"videoWidth":0},{"desc":"","detailUrl":"/video/detail?id=fR_OmfBbeyULUoJ2f7jaOyHqz9E.","id":2432430860786075,"picPath":"http://rbv01.ku6.com/wifi/o_1c0m12cmm18gvm941fku1pcg1p6i","playCnt":437392,"playUrl":"http://rbv01.ku6.com/R1W93ivzyc-cyhuIZfgAmg.mp4","publisher":"爆米花实验室","tag":"","title":"超元气大学课堂","uploadTime":1516171797532,"userId":0,"vid":"fR_OmfBbeyULUoJ2f7jaOyHqz9E.","videoHeight":0,"videoSize":0,"videoTime":0,"videoWidth":0},{"desc":"《龙日一，你死定了！》之最浪漫的小提琴演奏——小星星","detailUrl":"/video/detail?id=YceF051Xzoag1-Ys0SCWa0i5qGk.","id":2432430860787398,"picPath":"http://rbv01.ku6.com/wifi/o_1c19dj1gun631vgpfo2194a14f6f","playCnt":40584,"playUrl":"http://rbv01.ku6.com/wifi/o_1c19di00b13fq1jia1o801ugi1r5ba","publisher":"何仙姑夫","tag":"龙日一","title":"《龙日一，你死定了！》之最浪漫的小提琴演奏——小星星","uploadTime":1513219582708,"userId":0,"vid":"YceF051Xzoag1-Ys0SCWa0i5qGk.","videoHeight":0,"videoSize":0,"videoTime":0,"videoWidth":0},{"desc":"正宗papitube，专注优质原创视频3000年！","detailUrl":"/video/detail?id=GRQ5GtrQZknRNAyUH7sb_hoTOTE.","id":2432430860782226,"picPath":"https://rbv01.ku6.com/ku6_video_cover_vid_323432167.m580x360.jpg","playCnt":72946,"playUrl":"https://rbv01.ku6.com/FMcDZZKzu6hhrkfMIIauxQ.mp4","publisher":"大脸猫爱吃鱼","tag":"搞笑","title":"代购你妹啊！我是去旅游的，我不是代购","uploadTime":1511789874178,"userId":25882069,"vid":"GRQ5GtrQZknRNAyUH7sb_hoTOTE.","videoHeight":0,"videoSize":0,"videoTime":0,"videoWidth":0},{"desc":"喜欢就去追啊，反正也追不到！","detailUrl":"/video/detail?id=zUWb08gavfSAlv4WtwdTY7rwSwA.","id":2432430860782246,"picPath":"https://rbv01.ku6.com/ku6_video_cover_vid_323846502.m580x360.jpg","playCnt":61657,"playUrl":"https://rbv01.ku6.com/9m2wrMjxX1mUvg9KXeK_yQ.mp4","publisher":"大脸猫爱吃鱼","tag":"毒鸡汤$$励志$$搞笑$$原创","title":"毒鸡汤让你原地爆炸！虚度年华真的好过瘾啊","uploadTime":1511786503535,"userId":25882069,"vid":"zUWb08gavfSAlv4WtwdTY7rwSwA.","videoHeight":0,"videoSize":0,"videoTime":0,"videoWidth":0},{"desc":"靳东胡歌穿越千年的爱恋，合体狂撒狗娘，单身狗real心痛。你若安好，便是晴天，祝幸福。","detailUrl":"/video/detail?id=_eU-wMrS4LbHj54NIY_hWLvKza8.","id":2432430860782249,"picPath":"https://rbv01.ku6.com/ku6_video_cover_vid_323972474.m580x360.jpg","playCnt":809261,"playUrl":"https://rbv01.ku6.com/eD-afSSmRPRCRQ3QoFzelA.mp4","publisher":"大脸猫爱吃鱼","tag":"电视剧$$恶搞$$搞笑$$明星$$娱乐","title":"靳东胡歌穿越千年的爱恋","uploadTime":1511785499153,"userId":25882069,"vid":"_eU-wMrS4LbHj54NIY_hWLvKza8.","videoHeight":0,"videoSize":0,"videoTime":0,"videoWidth":0},{"desc":"极品街访：最想送前任什么新年祝福？","detailUrl":"/video/detail?id=5lSD5cYt0JvofwyjGEzFcRh9Y4I.","id":2432430860782225,"picPath":"https://rbv01.ku6.com/ku6_video_cover_vid_323070530.m580x360.jpg","playCnt":480169,"playUrl":"https://rbv01.ku6.com/fi-fH1CJEu4uvfaNSbYa8w.mp4","publisher":"多肉爱丽丝","tag":"搞笑 恶搞 奇葩 吐槽 奇闻异事","title":"极品街访：最想送前任什么新年祝福？","uploadTime":1511784203175,"userId":26552653,"vid":"5lSD5cYt0JvofwyjGEzFcRh9Y4I.","videoHeight":0,"videoSize":0,"videoTime":0,"videoWidth":0},{"desc":"正宗papitube，专注优质原创视频3000年！","detailUrl":"/video/detail?id=6qUb1TWUJ6VrIQleqJtG9D7wYM0.","id":2432430860782237,"picPath":"https://rbv01.ku6.com/ku6_video_cover_vid_323719963.m580x360.jpg","playCnt":29576,"playUrl":"https://rbv01.ku6.com/uU3YHOebDsKJaCM4iU7axA.mp4","publisher":"大脸猫爱吃鱼","tag":"搞笑","title":"好想要一个这样的超级姥姥！","uploadTime":1511781801815,"userId":25882069,"vid":"6qUb1TWUJ6VrIQleqJtG9D7wYM0.","videoHeight":0,"videoSize":0,"videoTime":0,"videoWidth":0},{"desc":"正宗papitube，专注优质原创视频3000年！","detailUrl":"/video/detail?id=EOUyZhyDGcz9diVKJhfU9IlC5U8.","id":2432430860782242,"picPath":"https://rbv01.ku6.com/ku6_video_cover_vid_323781793.m580x360.jpg","playCnt":69808,"playUrl":"https://rbv01.ku6.com/0u2691ByLQdCVpl5-ax8fg.mp4","publisher":"大脸猫爱吃鱼","tag":"搞笑","title":"史上最没有节操的舅舅！","uploadTime":1511781438852,"userId":25882069,"vid":"EOUyZhyDGcz9diVKJhfU9IlC5U8.","videoHeight":0,"videoSize":0,"videoTime":0,"videoWidth":0},{"desc":"【外国人少系列】逗比作死失误合集(1)","detailUrl":"/video/detail?id=eOi15GQPZJu13iISo2OyjyxMBOg.","id":2432430860782229,"picPath":"https://rbv01.ku6.com/f1aJUfoxH1e4oMMSsN9GVw.mp4.vframe/000001.jpg","playCnt":434727,"playUrl":"https://rbv01.ku6.com/f1aJUfoxH1e4oMMSsN9GVw.mp4","publisher":"mma李肥龙","tag":"雷人搞笑","title":"【外国人少系列】逗比作死失误合集(1)","uploadTime":1511778163284,"userId":26548699,"vid":"eOi15GQPZJu13iISo2OyjyxMBOg.","videoHeight":0,"videoSize":0,"videoTime":0,"videoWidth":0},{"desc":"女生约会为啥要带“电灯泡”？","detailUrl":"/video/detail?id=o-lxHTK1zrdETXyBG0uMWJ-WoBk.","id":2432430860782224,"picPath":"https://rbv01.ku6.com/ku6_video_cover_vid_323070434.m580x360.jpg","playCnt":385807,"playUrl":"https://rbv01.ku6.com/cu6lhv5D5ZyoQQq68njxjw.mp4","publisher":"多肉爱丽丝","tag":"搞笑 恶搞 奇葩 吐槽 奇闻异事","title":"女生约会为啥要带“电灯泡”？","uploadTime":1511777399770,"userId":26552653,"vid":"o-lxHTK1zrdETXyBG0uMWJ-WoBk.","videoHeight":0,"videoSize":0,"videoTime":0,"videoWidth":0},{"desc":"正宗papitube，专注优质原创视频3000年！","detailUrl":"/video/detail?id=5x8U2ShhTvUvbR4f0lVqr1mtvgw.","id":2432430860782241,"picPath":"https://rbv01.ku6.com/ku6_video_cover_vid_323780415.m580x360.jpg","playCnt":69388,"playUrl":"https://rbv01.ku6.com/wm81ORk9CfAnGScBb-yelQ.mp4","publisher":"大脸猫爱吃鱼","tag":"搞笑","title":"「情人节收花指南」鲜花虽好，不宜浪送","uploadTime":1511774813735,"userId":25882069,"vid":"5x8U2ShhTvUvbR4f0lVqr1mtvgw.","videoHeight":0,"videoSize":0,"videoTime":0,"videoWidth":0},{"desc":"强势围观!美女花样出糗!_妹子冬天爆笑失误集","detailUrl":"/video/detail?id=AztbiPcvzGMNZE0Aqgm2HNd1Uf0.","id":2432430860782232,"picPath":"https://rbv01.ku6.com/ku6_video_cover_vid_323546471.m580x360.jpg","playCnt":78933,"playUrl":"https://rbv01.ku6.com/5iiAj3VpnPuLqSL-5Xf0pw.mp4","publisher":"mma李肥龙","tag":"雷人搞笑","title":"强势围观!美女花样出糗!_妹子冬天爆笑失误集","uploadTime":1511774651105,"userId":26548699,"vid":"AztbiPcvzGMNZE0Aqgm2HNd1Uf0.","videoHeight":0,"videoSize":0,"videoTime":0,"videoWidth":0},{"desc":"最近话题度爆表的《中国式相亲》，最核心的部分是带着父母一起相亲被骂得够惨，但是猴哥觉得这个节目还是能看的哎 猴哥给你安利！贾乃亮和李小璐也是相亲成的！后期小妹祝张继科哥哥生日快乐！【正义小天使猴侦探，谁红我就爆爆谁 微信公号：猴侦探事务所 猴侦探粉丝群 278450507】","detailUrl":"/video/detail?id=QgGUblug_XXkhrED9n7ZfV1_gY4.","id":2432430860782238,"picPath":"https://rbv01.ku6.com/ku6_video_cover_vid_323726864.m580x360.jpg","playCnt":79275,"playUrl":"https://rbv01.ku6.com/iANGrN5aqiA7hZx5cWeQ8A.mp4","publisher":"大脸猫爱吃鱼","tag":"名侦探猴赛雷$$搞笑$$中国式相亲$$金星$$综艺","title":"《名侦探猴赛雷》第73期 论《中国式相亲》的正确打开方式","uploadTime":1511771133377,"userId":25882069,"vid":"QgGUblug_XXkhrED9n7ZfV1_gY4.","videoHeight":0,"videoSize":0,"videoTime":0,"videoWidth":0},{"desc":"比基尼美女游泳池大作战，失误搞笑","detailUrl":"/video/detail?id=Ptck-LHON5EZnyKC8ovEx5WitkQ.","id":2432430860782235,"picPath":"https://rbv01.ku6.com/ku6_video_cover_vid_323546863.m580x360.jpg","playCnt":85212,"playUrl":"https://rbv01.ku6.com/8LsTNNRaNvkUz9JfAd_JEA.mp4","publisher":"mma李肥龙","tag":"雷人搞笑","title":"比基尼美女游泳池大作战，失误搞笑","uploadTime":1511770818818,"userId":26548699,"vid":"Ptck-LHON5EZnyKC8ovEx5WitkQ.","videoHeight":0,"videoSize":0,"videoTime":0,"videoWidth":0},{"desc":"测试_富二代装穷与美女相亲","detailUrl":"/video/detail?id=RuttQh151EOmr346301hANhkHb8.","id":2432430860782248,"picPath":"https://rbv01.ku6.com/ku6_video_cover_vid_323853270.m580x360.jpg","playCnt":120113,"playUrl":"https://rbv01.ku6.com/zNMTHI8Ti_NwmonbMRme9Q.mp4","publisher":"mma李肥龙","tag":"搞笑 整蛊 恶搞","title":"测试_富二代装穷与美女相亲","uploadTime":1511756964571,"userId":26548699,"vid":"RuttQh151EOmr346301hANhkHb8.","videoHeight":0,"videoSize":0,"videoTime":0,"videoWidth":0},{"desc":"后现代舞的时代已经过去，财法用妩媚的身姿向人们诉说着自己曾经的辉煌。","detailUrl":"/video/detail?id=3PN1bCRuu-Od2V-U_tknF78QNig.","id":2432430860782250,"picPath":"https://rbv01.ku6.com/ku6_video_cover_vid_323975544.m580x360.jpg","playCnt":21062,"playUrl":"https://rbv01.ku6.com/W820B7yHJxQ-9Y9IpHtCIQ.mp4","publisher":"mma李肥龙","tag":"搞笑 奇葩 有趣 创意 杀马特","title":"多想借一抹悠悠斜阳，拂平你紧锁的皱眉。","uploadTime":1511755202966,"userId":26548699,"vid":"3PN1bCRuu-Od2V-U_tknF78QNig.","videoHeight":0,"videoSize":0,"videoTime":0,"videoWidth":0},{"desc":"失误搞笑视频","detailUrl":"/video/detail?id=1I2UsftBkfjnGIh3ejXasKmwnwI.","id":2432430860782231,"picPath":"https://rbv01.ku6.com/ku6_video_cover_vid_323546351.m580x360.jpg","playCnt":59655,"playUrl":"https://rbv01.ku6.com/9AfQyOcT80U_9CztNk0tJA.mp4","publisher":"mma李肥龙","tag":"雷人搞笑","title":"失误搞笑视频","uploadTime":1511753564543,"userId":26548699,"vid":"1I2UsftBkfjnGIh3ejXasKmwnwI.","videoHeight":0,"videoSize":0,"videoTime":0,"videoWidth":0},{"desc":"搞笑农场失误锦集（2017年）","detailUrl":"/video/detail?id=TamgPCzOSnFCuhs4beuJjRdMHdE.","id":2432430860782233,"picPath":"https://rbv01.ku6.com/0radIYBL_0MOt_z-SgBVrA.mp4.vframe/000006.jpg","playCnt":42196,"playUrl":"https://rbv01.ku6.com/0radIYBL_0MOt_z-SgBVrA.mp4","publisher":"mma李肥龙","tag":"雷人搞笑","title":"搞笑农场失误锦集（2017年）","uploadTime":1511753506259,"userId":26548699,"vid":"TamgPCzOSnFCuhs4beuJjRdMHdE.","videoHeight":0,"videoSize":0,"videoTime":0,"videoWidth":0},{"desc":"碉堡傻缺作死失误视频 雷人搞笑","detailUrl":"/video/detail?id=hgCDEKVD7MnNc0buoqbFnEwY-qQ.","id":2432430860782228,"picPath":"https://rbv01.ku6.com/ku6_video_cover_vid_323545548.m580x360.jpg","playCnt":19767,"playUrl":"https://rbv01.ku6.com/pSXSotC0pPuoduHcFITZaQ.mp4","publisher":"mma李肥龙","tag":"雷人搞笑","title":"碉堡傻缺作死失误视频 雷人搞笑","uploadTime":1511748866371,"userId":26548699,"vid":"hgCDEKVD7MnNc0buoqbFnEwY-qQ.","videoHeight":0,"videoSize":0,"videoTime":0,"videoWidth":0},{"desc":"正宗papitube，专注优质原创视频3000年！","detailUrl":"/video/detail?id=PjttsmSUfManGv495h5vOA_OOfw.","id":2432430860782244,"picPath":"https://rbv01.ku6.com/ku6_video_cover_vid_323783090.m580x360.jpg","playCnt":58483,"playUrl":"https://rbv01.ku6.com/NHivDKW2ig_-zoaxdJ1kBA.mp4","publisher":"大脸猫爱吃鱼","tag":"搞笑","title":"最后的狂欢！来一场宿醉吧！","uploadTime":1511742108530,"userId":25882069,"vid":"PjttsmSUfManGv495h5vOA_OOfw.","videoHeight":0,"videoSize":0,"videoTime":0,"videoWidth":0},{"desc":"大咖头条  张予曦携男友甜蜜撒狗粮","detailUrl":"/video/detail?id=MB4t3jYgwe1OoqQfph5h0vkJWzA.","id":2432430860782236,"picPath":"https://rbv01.ku6.com/ku6_video_cover_vid_323718660.m580x360.jpg","playCnt":21023,"playUrl":"https://rbv01.ku6.com/IoCvhte9l4Hhfreqnhlrsw.mp4","publisher":"mma李肥龙","tag":"搞笑 趣闻 段子","title":"大咖头条  张予曦携男友甜蜜撒狗粮","uploadTime":1511739765440,"userId":26548699,"vid":"MB4t3jYgwe1OoqQfph5h0vkJWzA.","videoHeight":0,"videoSize":0,"videoTime":0,"videoWidth":0},{"desc":"拯救强迫症 超好玩的视频","detailUrl":"/video/detail?id=SpKtdjG1sbZxPRSkNGYFO6dz1QA.","id":2432430860782223,"picPath":"https://rbv01.ku6.com/HFNBavk1RIKA5KyJnPKlRQ.mp4.vframe/000001.jpg","playCnt":21455,"playUrl":"https://rbv01.ku6.com/HFNBavk1RIKA5KyJnPKlRQ.mp4","publisher":"多肉爱丽丝","tag":"搞笑 恶搞 奇葩 吐槽 奇闻异事","title":"拯救强迫症 超好玩的视频","uploadTime":1511735858361,"userId":26552653,"vid":"SpKtdjG1sbZxPRSkNGYFO6dz1QA.","videoHeight":0,"videoSize":0,"videoTime":0,"videoWidth":0},{"desc":"四川方言：周星驰怒怼鳌拜","detailUrl":"/video/detail?id=Cbu4d6tttmLJv_k36u35i04Cv1g.","id":2432430860782245,"picPath":"https://rbv01.ku6.com/ku6_video_cover_vid_323836511.m580x360.jpg","playCnt":21863,"playUrl":"https://rbv01.ku6.com/mqAFsn7Qx6zdjgZYNwntcA.mp4","publisher":"大脸猫爱吃鱼","tag":"四川方言$$自贡抓马儿$$袁超工作室$$恶搞配音$$搞笑","title":"四川方言：自贡抓马儿118周星驰怒怼鳌拜","uploadTime":1511733725761,"userId":25882069,"vid":"Cbu4d6tttmLJv_k36u35i04Cv1g.","videoHeight":0,"videoSize":0,"videoTime":0,"videoWidth":0},{"desc":"脑残男友用蟒蛇整女友，没想到女友的反应......","detailUrl":"/video/detail?id=O5PalGfC0rf88fXs9YhRP4eZTw0.","id":2432430860782239,"picPath":"https://rbv01.ku6.com/ku6_video_cover_vid_323729899.m580x360.jpg","playCnt":18019,"playUrl":"https://rbv01.ku6.com/RJsS4Ai1PpDR3mgPSFEq4Q.mp4","publisher":"大脸猫爱吃鱼","tag":"搞笑$$蟒蛇$$整蛊","title":"脑残男友用蟒蛇整女友，没想到女友的反应......","uploadTime":1511717684159,"userId":25882069,"vid":"O5PalGfC0rf88fXs9YhRP4eZTw0.","videoHeight":0,"videoSize":0,"videoTime":0,"videoWidth":0},{"desc":"难吃到哭！酸甜苦辣咸混合在一起究竟是什么味道！","detailUrl":"/video/detail?id=Sol_4lbCW2PEWs4U_QdyXw5bZ5Y.","id":2432430860782247,"picPath":"https://rbv01.ku6.com/ku6_video_cover_vid_323853184.m580x360.jpg","playCnt":30665,"playUrl":"https://rbv01.ku6.com/OjqblFWNyS4Cdy5AUUQHTA.mp4","publisher":"mma李肥龙","tag":"不作会死 搞笑 原创 吃货 作死","title":"难吃到哭！酸甜苦辣咸混合在一起究竟是什么味道！","uploadTime":1511716101645,"userId":26548699,"vid":"Sol_4lbCW2PEWs4U_QdyXw5bZ5Y.","videoHeight":0,"videoSize":0,"videoTime":0,"videoWidth":0},{"desc":"小夫妻吵嘴 我以为老公打老婆 这剧情也太逆转了","detailUrl":"/video/detail?id=8unYUK2t_oCSSssc9y3TEMoIerU.","id":2432430860782222,"picPath":"https://rbv01.ku6.com/ku6_video_cover_vid_323070154.m580x360.jpg","playCnt":59101,"playUrl":"https://rbv01.ku6.com/XU6sUOEa7b0V07PNO3UPLA.mp4","publisher":"多肉爱丽丝","tag":"搞笑 恶搞 奇葩 吐槽 奇闻异事","title":"小夫妻吵嘴 我以为老公打老婆 这剧情也太逆转了","uploadTime":1511709626314,"userId":26552653,"vid":"8unYUK2t_oCSSssc9y3TEMoIerU.","videoHeight":0,"videoSize":0,"videoTime":0,"videoWidth":0},{"desc":"不要认为爱情的获得过程中，男人必须是主攻方，要知道月老那条红线是越来越细了，稍不小心就会断裂。","detailUrl":"/video/detail?id=dxxlsYYrpsjNOyyfzjVxRN7pnyM.","id":2432430860782251,"picPath":"https://rbv01.ku6.com/ku6_video_cover_vid_324051713.m580x360.jpg","playCnt":24003,"playUrl":"https://rbv01.ku6.com/xXqciUqohAIWoWRcvnRRgg.mp4","publisher":"大脸猫爱吃鱼","tag":"袁超工作室$$乡村爱情9$$搞笑$$吐槽","title":"广式妹纸479期《乡村爱情9》死要面子必成剩女","uploadTime":1511709219286,"userId":25882069,"vid":"dxxlsYYrpsjNOyyfzjVxRN7pnyM.","videoHeight":0,"videoSize":0,"videoTime":0,"videoWidth":0},{"desc":"【外国人少系列】逗比作死失误合集_(2)","detailUrl":"/video/detail?id=sWC5MifUvm0q-6PZkPK3Om7ItPs.","id":2432430860782230,"picPath":"https://rbv01.ku6.com/ku6_video_cover_vid_323545567.m580x360.jpg","playCnt":19894,"playUrl":"https://rbv01.ku6.com/TgASI3-QpxXB9gIAVCAIsQ.mp4","publisher":"mma李肥龙","tag":"雷人搞笑","title":"【外国人少系列】逗比作死失误合集_(2)","uploadTime":1511708919054,"userId":26548699,"vid":"sWC5MifUvm0q-6PZkPK3Om7ItPs.","videoHeight":0,"videoSize":0,"videoTime":0,"videoWidth":0},{"desc":"狗狗梦中不断奔跑，把主人给乐坏了","detailUrl":"/video/detail?id=xebVDfiq8pxCk1xe2XaLFIoIuzg.","id":2432430860782221,"picPath":"https://rbv01.ku6.com/ku6_video_cover_vid_323059589.m580x360.jpg","playCnt":18215,"playUrl":"https://rbv01.ku6.com/rJbKQNfqb1iVFNeW655luw.mp4","publisher":"多肉爱丽丝","tag":"搞笑 恶搞 奇葩 吐槽 奇闻异事","title":"狗狗梦中不断奔跑，把主人给乐坏了","uploadTime":1511706516361,"userId":26552653,"vid":"xebVDfiq8pxCk1xe2XaLFIoIuzg.","videoHeight":0,"videoSize":0,"videoTime":0,"videoWidth":0},{"desc":"三个回合KO五人，黑壮汉竟用这招笑到了最后！","detailUrl":"/video/detail?id=SvoajCDGh0jvfG2DmxTd49ma7ZE.","id":2432430860782240,"picPath":"https://rbv01.ku6.com/ku6_video_cover_vid_323761746.m580x360.jpg","playCnt":18382,"playUrl":"https://rbv01.ku6.com/yGggigGO-NuW9pLbjcxURw.mp4","publisher":"mma李肥龙","tag":"体育 格斗 搞笑 奇葩","title":"三个回合KO五人，黑壮汉竟用这招笑到了最后！","uploadTime":1511701802987,"userId":26548699,"vid":"SvoajCDGh0jvfG2DmxTd49ma7ZE.","videoHeight":0,"videoSize":0,"videoTime":0,"videoWidth":0},{"desc":"最好笑的跑酷失误合集（比跑酷成功好看）","detailUrl":"/video/detail?id=4oD6nayhZKXeMMAAptKCM7bkHdo.","id":2432430860782234,"picPath":"https://rbv01.ku6.com/FUjo2dk3TqO5YyBUyOnwTw.mp4.vframe/000001.jpg","playCnt":29860,"playUrl":"https://rbv01.ku6.com/FUjo2dk3TqO5YyBUyOnwTw.mp4","publisher":"mma李肥龙","tag":"雷人搞笑","title":"最好笑的跑酷失误合集（比跑酷成功好看）","uploadTime":1511696991406,"userId":26548699,"vid":"4oD6nayhZKXeMMAAptKCM7bkHdo.","videoHeight":0,"videoSize":0,"videoTime":0,"videoWidth":0},{"desc":"春节返程途中的奇葩事，你经历过吗？","detailUrl":"/video/detail?id=lIjAKi2H7TpJJdr0EZkJFW8MzNA.","id":2432430860782243,"picPath":"https://rbv01.ku6.com/ku6_video_cover_vid_323782628.m580x360.jpg","playCnt":21999,"playUrl":"https://rbv01.ku6.com/ep-dxyjyl8r9UcgfBjUpEg.mp4","publisher":"大脸猫爱吃鱼","tag":"笑料百出$$搞笑$$喵喵$$奇葩事","title":"多缸发动鸡！春节返程奇葩事儿【笑料百出】265","uploadTime":1511688353756,"userId":25882069,"vid":"lIjAKi2H7TpJJdr0EZkJFW8MzNA.","videoHeight":0,"videoSize":0,"videoTime":0,"videoWidth":0},{"desc":"搞笑失误集锦_好疼","detailUrl":"/video/detail?id=_Q66ZB8H0WiJBiRmos85gfGj-Ms.","id":2432430860782227,"picPath":"https://rbv01.ku6.com/ku6_video_cover_vid_323545536.m580x360.jpg","playCnt":19442,"playUrl":"https://rbv01.ku6.com/4KgLa-hMzNG0pZO4LZ42VQ.mp4","publisher":"mma李肥龙","tag":"雷人搞笑","title":"搞笑失误集锦_好疼","uploadTime":1511686688131,"userId":26548699,"vid":"_Q66ZB8H0WiJBiRmos85gfGj-Ms.","videoHeight":0,"videoSize":0,"videoTime":0,"videoWidth":0}],"retCd":0}