字段1,字段2,字段3,字段4,字段5,字段6
80岁老人带孙16年住千万排屋:还是想回乡下老家 自在,yaowen,https://www.163.com/dy/article/GN622VH60512GTK3.html,http://cms-bucket.ws.126.net/2021/1025/77e13c60p00r1j6bp004gc000s600e3c.png,钱江晚报,https://www.163.com/dy/article/GN622VH60512GTK3.html
法学生状告苹果欺诈:凭啥不配充电器?庭审对垒2小时,yaowen,https://www.163.com/news/article/GN6649G70001899O.html,http://cms-bucket.ws.126.net/2021/1025/f774009ap00r1j6fd004hc000s600e3c.png,上海法治报,https://www.163.com/news/article/GN6649G70001899O.html
76岁大爷＂硬核＂宠妻搞31项发明 网友:这＂狗粮＂我干了,yaowen,https://www.163.com/dy/article/GN5MSHLB0534A4S1.html,http://cms-bucket.ws.126.net/2021/1025/9be90f3ep00r1j4p0001dc000s600e3c.png,新闻坊,https://www.163.com/dy/article/GN5MSHLB0534A4S1.html
上12次春晚的＂帝王之声＂被老同学举报偷税:1首歌85万,yaowen,https://www.163.com/dy/article/GN5BEGQ70537MK0O.html,http://cms-bucket.ws.126.net/2021/1025/25696d34p00r1j3p5003gc0009c0070c.png,万小刀,https://www.163.com/dy/article/GN5BEGQ70537MK0O.html
波兰与欧盟舌战月余 波兰总理:将以任何可能方式自卫,yaowen,https://www.163.com/news/article/GN63NSA000019B3E.html,http://cms-bucket.ws.126.net/2021/1025/d1b0bb4bp00r1j4fd0064c000s600e3c.png,观察者网,https://www.163.com/news/article/GN63NSA000019B3E.html
俄罗斯人被美列为＂无家可归者＂ 申请签证只能去波兰,yaowen,https://www.163.com/news/article/GN63MN6V00019B3E.html,http://cms-bucket.ws.126.net/2021/1025/60de8819p00r1j49a00b1c000s600e3c.png,观察者网,https://www.163.com/news/article/GN63MN6V00019B3E.html
男子称＂割包皮被加项目＂花费逾8万:就用一盏红灯照射,yaowen,https://www.163.com/dy/article/GN63CQ6D0514R9P4.html,http://dingyue.ws.126.net/2021/1025/dc1ad9bcj00r1j31b000ac0009c005uc.jpg,澎湃新闻,https://www.163.com/dy/article/GN63CQ6D0514R9P4.html
24岁抗癌女孩因太＂积极＂被网暴 她死后网暴者又遭攻击,yaowen,https://www.163.com/dy/article/GN5UHDTU0521DC6R.html,http://dingyue.ws.126.net/2021/1025/8ea651a7j00r1iz3c0017d000hs00dcp.jpg,李砍柴,https://www.163.com/dy/article/GN5UHDTU0521DC6R.html
储户28亿存款突然取不出来 背后还牵扯一个假央企?,yaowen,https://www.163.com/dy/article/GN5IC8V40519E14O.html,http://bjnewsrec-cv.ws.126.net/little789d35ed1d5j00r1ip1n000rd000i2008rp.jpg,大猫财经,https://www.163.com/dy/article/GN5IC8V40519E14O.html
清纯女星靠＂干爹＂大火 ＂干妈＂出现后资源缩水令人唏嘘,yaowen,https://www.163.com/dy/article/GN5I5OVH05521MK6.html,http://cms-bucket.ws.126.net/2021/1025/dcf905ecj00r1j180000wc000f700a6c.jpg,叶公子,https://www.163.com/dy/article/GN5I5OVH05521MK6.html
媒体:邓励、华春莹有新职 透露中国外交工作一些情况,yaowen,https://www.163.com/dy/article/GN5CC1AL0512DU6N.html,http://cms-bucket.ws.126.net/2021/1025/f3cd277ap00r1ivq50012c000s600e3c.png,新民晚报,https://www.163.com/dy/article/GN5CC1AL0512DU6N.html
内蒙古一天之内4官员被查 ＂N连发＂反腐风暴持续进行,yaowen,https://www.163.com/dy/article/GN5T49F8053469LG.html,http://cms-bucket.ws.126.net/2021/1025/940f30eap00r1j1mp00f4c000s600e3c.png,极目新闻,https://www.163.com/dy/article/GN5T49F8053469LG.html
上海禁止车位只售不租一小区仍60万一个强售?公司回应,yaowen,https://www.163.com/dy/article/GN5T2FON055040N3.html,http://cms-bucket.ws.126.net/2021/1025/26b97ca9p00r1j274005nc000s600e3c.png,上观新闻,https://www.163.com/dy/article/GN5T2FON055040N3.html
北京新增2例确诊1例无症状1例阳性 均在昌平区,yaowen,https://www.163.com/news/article/GN5SF5U70001899O.html,http://cms-bucket.ws.126.net/2021/1025/5e8a3184p00r1iyhx007uc000gp00agc.png,北京日报,https://www.163.com/news/article/GN5SF5U70001899O.html
上海＂神秘房东＂卖93套房?市民秒抢空:觉得以后会拆迁,yaowen,https://www.163.com/dy/article/GN5R770C0512DU6N.html,http://cms-bucket.ws.126.net/2021/1025/cff84690p00r1ixk1002kc000s600e3c.png,新民晚报,https://www.163.com/dy/article/GN5R770C0512DU6N.html
孟晚舟重回华为上班发表感言：过去三年团队越战越勇,yaowen,https://www.163.com/news/article/GN5POT6P0001899O.html,http://cms-bucket.ws.126.net/2021/1025/8e3c4b1ep00r1iwkf001lc000s600e3c.png,深圳特区报,https://www.163.com/news/article/GN5POT6P0001899O.html
母亲去世后10岁女孩伤心表态:不想让外公外婆探望了,yaowen,https://www.163.com/dy/article/GN5PLI4H0514R9P4.html,http://dingyue.ws.126.net/2021/1025/4079e2b4j00r1iv600005c0009c005uc.jpg,澎湃新闻,https://www.163.com/dy/article/GN5PLI4H0514R9P4.html
石家庄确诊病例发声:不知怎么被感染 味觉嗅觉暂失灵,yaowen,https://www.163.com/dy/article/GN40DE8I053469LG.html,http://cms-bucket.ws.126.net/2021/1025/ef4cb95cp00r1iul4008cc000s600e3c.png,极目新闻,https://www.163.com/dy/article/GN40DE8I053469LG.html
任正非过77岁生日 曾称暂不退休 孟晚舟不会是接班人,yaowen,https://www.163.com/dy/article/GN5OT0CC055004XG.html,http://cms-bucket.ws.126.net/2021/1025/7f027cfbp00r1j0ob002fc000s600e3c.png,南方Plus,https://www.163.com/dy/article/GN5OT0CC055004XG.html
＂摸土校尉＂为找紫砂泥 在女浴室垂直往下打60米深洞,yaowen,https://www.163.com/dy/article/GN5O9AVK0512BEVO.html,http://cms-bucket.ws.126.net/2021/1025/38753979p00r1iypc005qc000s600e3c.png,方圆,https://www.163.com/dy/article/GN5O9AVK0512BEVO.html
23岁男子喝下百草枯:积极配合治疗 抢救27天窒息而死,yaowen,https://www.163.com/dy/article/GN59ATIL05148PF4.html,http://cms-bucket.ws.126.net/2021/1025/4eb3e0cbp00r1itho0027c000s600e3c.png,39健康网,https://www.163.com/dy/article/GN59ATIL05148PF4.html
70多岁老农被告知欠银行500万:我一辈子也挣不了500万,yaowen,https://www.163.com/dy/article/GN5N6I680512BEVO.html,http://cms-bucket.ws.126.net/2021/1025/ad5cf4e2p00r1j2uq008cc000s600e3c.png,方圆,https://www.163.com/dy/article/GN5N6I680512BEVO.html
南航大爆燃事故致2死9伤 原因或与镁铝粉爆燃有关,yaowen,https://www.163.com/dy/article/GN5MU2QM0514EGPO.html,http://dingyue.ws.126.net/2021/1025/2b5a2c19j00r1isye000qc0009q00ghc.jpg,看看新闻Knews,https://www.163.com/dy/article/GN5MU2QM0514EGPO.html
中央巡视整改细节披露 薄熙来孙政才周永康等被点名,yaowen,https://www.163.com/news/article/GN5MASBJ0001899O.html,http://cms-bucket.ws.126.net/2021/1025/467c28afp00r1isgs002rc0009c0070c.png,政知见,https://www.163.com/news/article/GN5MASBJ0001899O.html
25岁天才被邀请加入美国籍:绿卡算什么 我要回中国,yaowen,https://www.163.com/dy/article/GN56D6BD05419N70.html,http://cms-bucket.ws.126.net/2021/1025/0e4707cap00r1isb0003fc000s600e3c.png,鬼谷子思维,https://www.163.com/dy/article/GN56D6BD05419N70.html
网红涌向上海月租2万老洋房 推高租金吓走普通租客,yaowen,https://www.163.com/dy/article/GN59F2F605148UNS.html,http://cms-bucket.ws.126.net/2021/1025/7459797dp00r1is0j0096c000s600e3c.png,每日人物,https://www.163.com/dy/article/GN59F2F605148UNS.html
美机构：在中美竞争的5个关键领域 中国有充足资源,yaowen,https://www.163.com/dy/article/GN56NQTC05504DPG.html,http://dingyue.ws.126.net/2021/1025/9ce84828j00r1iftn000sc000hs00bvm.jpg,环球时报新闻,https://www.163.com/dy/article/GN56NQTC05504DPG.html
哥伦比亚头号毒枭落网:出动500人、22架直升机搜捕,yaowen,https://www.163.com/dy/article/GN57JF470514R9KD.html,http://dingyue.ws.126.net/2021/1025/001f2842j00r1igjt0015c000hs009yg.jpg,中国新闻网,https://www.163.com/dy/article/GN57JF470514R9KD.html
商家故意的？上海一名顾客一周去超市2次被打错单价,yaowen,https://www.163.com/dy/article/GN59HTBI0512DU6N.html,http://cms-bucket.ws.126.net/2021/1025/6fd1fb0bj00r1iq7s0016c0009c0070c.jpg,新民晚报,https://www.163.com/dy/article/GN59HTBI0512DU6N.html
孟晚舟被曝隔离期结束回华为上班 身穿黑色套装,yaowen,https://www.163.com/dy/article/GN5HTBH50519DDQ2.html,http://cms-bucket.ws.126.net/2021/1025/6773eb78p00r1iql70028c0009c0070c.png,第一财经资讯,https://www.163.com/dy/article/GN5HTBH50519DDQ2.html
战士被哑弹击中逃过一死 战后喊＂有人吗＂却只剩风声,yaowen,https://www.163.com/dy/article/GN5BT7LV0514R9KQ.html,http://cms-bucket.ws.126.net/2021/1025/09a589f2p00r1iorb002uc000s600e3c.png,北青网-北京青年报,https://www.163.com/dy/article/GN5BT7LV0514R9KQ.html
男子带俩孩子游泳忽然被隔离 画面曝光一脸生无可恋,yaowen,https://www.163.com/dy/article/GN5GC5B00514R9OJ.html,http://cms-bucket.ws.126.net/2021/1025/9c04dae4p00r1ioqe0016c0009c0070c.png,环球网资讯,https://www.163.com/dy/article/GN5GC5B00514R9OJ.html
佩洛西受访谈上任总统：他叫啥来着？就那个谁,yaowen,https://www.163.com/dy/article/GN5F48460514R9OJ.html,http://cms-bucket.ws.126.net/2021/1025/94bca927p00r1io7l001gc0009c0070c.png,环球网资讯,https://www.163.com/dy/article/GN5F48460514R9OJ.html
澳防长:如果中国大陆攻台 澳将坚持与美国同进退,yaowen,https://www.163.com/news/article/GN5GPBDG0001899O.html,http://cms-bucket.ws.126.net/2021/1025/0a19b0ecp00r1inz8004sc0009c0070c.png,参考消息,https://www.163.com/news/article/GN5GPBDG0001899O.html
妻子陪男闺蜜玩5天后丈夫失踪 女闺蜜:他在我家呢,yaowen,https://www.163.com/dy/article/GN5BIDVS05527EP3.html,http://cms-bucket.ws.126.net/2021/1025/f23e9892p00r1inbb001hc000s600e3c.png,仙仙先生,https://www.163.com/dy/article/GN5BIDVS05527EP3.html
90后＂天才数学家＂18岁读博 父亲:考试分数没那么重要,yaowen,https://www.163.com/dy/article/GN5BL6EQ0514R9P4.html,http://cms-bucket.ws.126.net/2021/1025/c9f54d67p00r1in2z00joc0009c0070c.png,澎湃新闻,https://www.163.com/dy/article/GN5BL6EQ0514R9P4.html
大连爆炸致2死7伤 值守人员:目前又检测出燃气泄漏,yaowen,https://www.163.com/dy/article/GN5EDN1I0552DNJF.html,http://dingyue.ws.126.net/2021/1025/22eaf5dbj00r1im2f007qc000r700keg.jpg,九派新闻,https://www.163.com/dy/article/GN5EDN1I0552DNJF.html
网红牛奶＂认养一头牛＂没有工厂奶源外购 比特仑苏还贵,yaowen,https://www.163.com/dy/article/GN1C2PI1055215PB.html,http://cms-bucket.ws.126.net/2021/1025/c0762764p00r1il2w0068c000s600e3c.png,海底商业奇谈,https://www.163.com/dy/article/GN1C2PI1055215PB.html
年入7万身高1米6＂普信男＂:1天相亲4次找不到满意媳妇,yaowen,https://www.163.com/dy/article/GN585QUS0531KXYL.html,http://cms-bucket.ws.126.net/2021/1025/b33a331cp00r1ikw00045c0009c0070c.png,显微故事,https://www.163.com/dy/article/GN585QUS0531KXYL.html
印度国大党：中国与不丹签署协议或给印度带来＂灾难＂,yaowen,https://www.163.com/dy/article/GN5C6VCM05504DPG.html,http://dingyue.ws.126.net/2021/1025/a70d1868j00r1ika0000zd000dc00a0p.jpg,环球时报新闻,https://www.163.com/dy/article/GN5C6VCM05504DPG.html
海外留学生返校后确诊新冠:最害怕的是＂社会性死亡＂,yaowen,https://www.163.com/dy/article/GN4GRQV80516FC9F.html,http://cms-bucket.ws.126.net/2021/1025/b06c0296p00r1ik1a003gc0009c0070c.png,INSIGHT视界,https://www.163.com/dy/article/GN4GRQV80516FC9F.html
＂歌王＂车祸瘫痪无法站台上演唱 被妻子扔养老院18年 ,yaowen,https://www.163.com/dy/article/GN3V57IV0552D0TE.html,http://cms-bucket.ws.126.net/2021/1025/c3439973p00r1ijod0034c0009c0070c.png,圈儿内人,https://www.163.com/dy/article/GN3V57IV0552D0TE.html
阿姨带大量捡拾废品欲乘公交被拒后大哭 车队回应,yaowen,https://www.163.com/dy/article/GN5BG7ID0512DU6N.html,http://dingyue.ws.126.net/2021/1025/ed865c62j00r1ijov000mc000go00avm.jpg,新民晚报,https://www.163.com/dy/article/GN5BG7ID0512DU6N.html
＂春晚黑马＂堕落史:表演现场突然发飙 发男男不雅视频,yaowen,https://www.163.com/dy/article/GN19LHIT05524IDE.html,http://cms-bucket.ws.126.net/2021/1025/9e9890ebp00r1ij7c0018c000s600e3c.png,文雅博苑,https://www.163.com/dy/article/GN19LHIT05524IDE.html
上海房叔卖93套房套现4.5亿?售房是真 房东另有其人,yaowen,https://www.163.com/news/article/GN59T1F70001899O.html,http://cms-bucket.ws.126.net/2021/1025/d36b8784p00r1iiw70019c0009c0070c.png,每日经济新闻,https://www.163.com/news/article/GN59T1F70001899O.html
女子携女儿跳楼 家属:曾与丈夫争吵 事发后他未报警,yaowen,https://www.163.com/news/article/GN5A997J0001899O.html,http://cms-bucket.ws.126.net/2021/1025/1c7b1bcfp00r1iiwa0019c0009c0070c.png,正观新闻,https://www.163.com/news/article/GN5A997J0001899O.html
媒体：日本没想到 为美军留的＂后门＂却方便了中俄,yaowen,https://www.163.com/dy/article/GN5741D80514R9OJ.html,http://bjnewsrec-cv.ws.126.net/little234fc718f20j00r1ig5s003kc000rs00g5g.jpg,环球网资讯,https://www.163.com/dy/article/GN5741D80514R9OJ.html
男子花12万在家精心打造＂海底世界＂ 警察却找上门了,yaowen,https://www.163.com/dy/article/GN58KAG50514EGPO.html,http://cms-bucket.ws.126.net/2021/1025/94c1f50fp00r1im56005dc0009c0070c.png,看看新闻Knews,https://www.163.com/dy/article/GN58KAG50514EGPO.html
上个月拒绝宣誓 香港一区议员已离开香港抵达英国,yaowen,https://www.163.com/dy/article/GN402IK50514FGV8.html,http://dingyue.ws.126.net/2021/1024/95ec00e0j00r1hjpr0011d000ga00c8p.jpg,直新闻,https://www.163.com/dy/article/GN402IK50514FGV8.html
媒体：中国通过陆地国界法 14个邻国中有一个最着急,yaowen,https://www.163.com/dy/article/GN531DFU05504DPG.html,http://cms-bucket.ws.126.net/2021/1025/101f4af1p00r1igfg001fc0009c0070c.png,环球时报新闻,https://www.163.com/dy/article/GN531DFU05504DPG.html
国宝级大师找到700年前宝藏 晚年躺医院走廊凄凉离世,yaowen,https://www.163.com/dy/article/GN3SACHL0512856T.html,http://cms-bucket.ws.126.net/2021/1025/3b5dfa21p00r1ifx00044c0009c0070c.png,世界华人周刊,https://www.163.com/dy/article/GN3SACHL0512856T.html
储户28亿取不出银行称已报案 存款方:啥时候 说出来,yaowen,https://www.163.com/dy/article/GN4VQMKM0512B07B.html,http://bjnewsrec-cv.ws.126.net/little1116c04c74ej00r1ia4l004bc000u000mig.jpg,每日经济新闻,https://www.163.com/dy/article/GN4VQMKM0512B07B.html
她23岁牺牲父亲哭瞎 弟弟苦寻64年墓地却有＂奇怪老人＂,yaowen,https://www.163.com/dy/article/GN3D3NUG0521DC6R.html,http://cms-bucket.ws.126.net/2021/1025/5e8fc7c2p00r1iflr001wc000s600e3c.png,李砍柴,https://www.163.com/dy/article/GN3D3NUG0521DC6R.html
上海女子5分钟赔光586万 跟＂股神＂投资5千元赚1.5万,yaowen,https://www.163.com/dy/article/GN46FGH6055040N3.html,http://dingyue.ws.126.net/2021/1025/cb24f317j00r1hpr00017c000oz00ang.jpg,上观新闻,https://www.163.com/dy/article/GN46FGH6055040N3.html
夫妻带1岁娃和狗徒步全部死亡 2个月后死因公布:太热,yaowen,https://www.163.com/dy/article/GN49ER2J051484S5.html,http://cms-bucket.ws.126.net/2021/1025/7caff701p00r1ibvg002mc0009c0070c.png,英国那些事儿,https://www.163.com/dy/article/GN49ER2J051484S5.html
西北疫情感染164例波及11省份 还有多少潜在隐形疫区,yaowen,https://www.163.com/dy/article/GN55VOFK05457FUK.html,http://dingyue.ws.126.net/2021/1025/443fd0bdj00r1if7e001bd000fs00bup.jpg,八点健闻,https://www.163.com/dy/article/GN55VOFK05457FUK.html
妻子不让公婆带孩子丈夫辞职当全职奶爸 结果妻子崩溃,yaowen,https://www.163.com/dy/article/GN4AR3JV05527G05.html,http://cms-bucket.ws.126.net/2021/1025/d85b359dp00r1ieoc002pc0009c0070c.png,清白路人,https://www.163.com/dy/article/GN4AR3JV05527G05.html
＂北大保安第一人＂再上热搜:曾轰动全国 如今是名校长,yaowen,https://www.163.com/dy/article/GN37A9B9055040N3.html,http://dingyue.ws.126.net/2021/1023/99b1b4e1j00r1e0xp001ic000u000csg.jpg,上观新闻,https://www.163.com/dy/article/GN37A9B9055040N3.html
她18岁考清华33岁年薪百万 4年生3娃替世界首富花钱,yaowen,https://www.163.com/dy/article/GN14M3RG0552BLXQ.html,http://cms-bucket.ws.126.net/2021/1025/b253d94dp00r1ideq006zc000s600e3c.png,朱小鹿,https://www.163.com/dy/article/GN14M3RG0552BLXQ.html
浙江一女子K歌“K掉”2万多 真相令人崩溃,yaowen,https://www.163.com/dy/article/GN52U35R0514R9OJ.html,http://dingyue.ws.126.net/2021/1025/13c88b31j00r1icrt000zc000hs00mzg.jpg,环球网资讯,https://www.163.com/dy/article/GN52U35R0514R9OJ.html
法媒就台湾问题鼓吹＂三战＂ 中使馆驳斥:勿充当帮凶,yaowen,https://www.163.com/news/article/GN52CE1D0001899O.html,http://cms-bucket.ws.126.net/2021/1025/620a151ap00r1icd9001rc0009c0070c.png,观察者网,https://www.163.com/news/article/GN52CE1D0001899O.html
陈冰：台积电向美国“投降”意味着什么？,yaowen,https://www.163.com/dy/article/GN40O8EM0514FGV8.html,http://dingyue.ws.126.net/2021/1024/179e583dj00r1hl43001gd000ku00fmp.jpg,直新闻,https://www.163.com/dy/article/GN40O8EM0514FGV8.html
＂我应当55岁退休＂ 女员工拒绝50岁退休 官司打到高院,yaowen,https://www.163.com/dy/article/GN45EKFA0512B07B.html,http://dingyue.ws.126.net/2021/1025/86f9bf5ej00r1hojs00utc001hc00zkg.jpg,每日经济新闻,https://www.163.com/dy/article/GN45EKFA0512B07B.html
县政法委书记回复市民＂滚＂ 石家庄官方：免职,yaowen,https://www.163.com/news/article/GN4VQORO0001899O.html,http://cms-bucket.ws.126.net/2021/1025/39e5f647j00r1iax2000tc0009c0070c.jpg,石家庄新闻网,https://www.163.com/news/article/GN4VQORO0001899O.html
老人把女友孩子培养成才亲生儿子辍学 17年后独尝苦果,yaowen,https://www.163.com/dy/article/GN3OE1SK0548B7QF.html,http://cms-bucket.ws.126.net/2021/1025/55290a51p00r1ian9008sc0009c0070c.png,野离离,https://www.163.com/dy/article/GN3OE1SK0548B7QF.html
疯狂游客冲到白虎群前挑衅 救他命的＂隐蔽装置＂是什么,yaowen,https://www.163.com/dy/article/GN4B1KVM055291WL.html,http://cms-bucket.ws.126.net/2021/1025/1b4bbbb8p00r1iakz007oc000s600e3c.png,魔都囡,https://www.163.com/dy/article/GN4B1KVM055291WL.html
女博主穿便服打卡切尔诺贝利 称自己徒步三天两夜,yaowen,https://www.163.com/dy/article/GN4AVVR10530NLC9.html,http://cms-bucket.ws.126.net/2021/1025/fbbfda25p00r1iev900c4c0009c0070c.png,中国基金报,https://www.163.com/dy/article/GN4AVVR10530NLC9.html
内蒙古一团伙覆灭：2年犯45起强奸案 平均年龄17岁,yaowen,https://www.163.com/dy/article/GN4SFJT00514R9P4.html,http://cms-bucket.ws.126.net/2021/1025/5911aaccp00r1ic9z0012c0009c0070c.png,澎湃新闻,https://www.163.com/dy/article/GN4SFJT00514R9P4.html
北京感染者达15人出现3支传播链 均与内蒙古旅游相关,yaowen,https://www.163.com/dy/article/GN4572M60530PDK6.html,http://cms-bucket.ws.126.net/2021/1025/81aa25dbp00r1i8xg002qc0009c0070c.png,新京报北京知道,https://www.163.com/dy/article/GN4572M60530PDK6.html
下一步是驱逐?西媒:土耳其面临前所未有的外交危机,yaowen,https://www.163.com/news/article/GN41LMHF00019B3E.html,http://cms-bucket.ws.126.net/2021/1024/fdca50a3p00r1hlye003uc000s600e3c.png,观察者网,https://www.163.com/news/article/GN41LMHF00019B3E.html
